{"stats":{"minecraft:used":{"minecraft:dirt":5},"minecraft:custom":{"minecraft:jump":30,"minecraft:time_since_rest":18168,"minecraft:play_time":18168,"minecraft:damage_dealt":125,"minecraft:crouch_one_cm":229,"minecraft:leave_game":7,"minecraft:sprint_one_cm":925,"minecraft:damage_taken":20,"minecraft:time_since_death":18168,"minecraft:walk_one_cm":1988,"minecraft:sneak_time":95,"minecraft:total_world_time":18168,"minecraft:player_kills":1,"minecraft:fall_one_cm":418,"minecraft:fly_one_cm":705},"minecraft:picked_up":{"minecraft:dirt":5},"minecraft:mined":{"minecraft:short_grass":1,"minecraft:grass_block":3,"minecraft:dirt":1}},"DataVersion":3700}