{"stats":{"minecraft:used":{"minecraft:dirt":5},"minecraft:custom":{"minecraft:jump":29,"minecraft:time_since_rest":1037,"minecraft:crouch_one_cm":19,"minecraft:damage_taken":935,"minecraft:damage_dealt":40,"minecraft:play_time":19365,"minecraft:leave_game":3,"minecraft:sprint_one_cm":428,"minecraft:walk_one_cm":4867,"minecraft:time_since_death":1003,"minecraft:deaths":2,"minecraft:sneak_time":17,"minecraft:total_world_time":19365,"minecraft:player_kills":1,"minecraft:fall_one_cm":8935,"minecraft:fly_one_cm":559},"minecraft:picked_up":{"minecraft:dirt":6},"minecraft:mined":{"minecraft:grass_block":6,"minecraft:dirt":1},"minecraft:killed_by":{"minecraft:player":1}},"DataVersion":3700}