{"stats":{"minecraft:used":{"minecraft:dirt":2},"minecraft:custom":{"minecraft:jump":20,"minecraft:time_since_rest":13284,"minecraft:deaths":1,"minecraft:damage_dealt":20,"minecraft:sprint_one_cm":428,"minecraft:leave_game":2,"minecraft:play_time":17439,"minecraft:damage_taken":485,"minecraft:time_since_death":13226,"minecraft:walk_one_cm":2579,"minecraft:total_world_time":17439,"minecraft:fall_one_cm":3892,"minecraft:fly_one_cm":559},"minecraft:picked_up":{"minecraft:dirt":2},"minecraft:mined":{"minecraft:grass_block":3},"minecraft:killed_by":{"minecraft:player":1}},"DataVersion":3700}