{"stats":{"minecraft:mined":{"minecraft:short_grass":5,"minecraft:grass_block":7,"minecraft:powder_snow":1,"minecraft:dirt":16},"minecraft:custom":{"minecraft:jump":94,"minecraft:time_since_rest":11688,"minecraft:damage_taken":30,"minecraft:leave_game":3,"minecraft:crouch_one_cm":413,"minecraft:sprint_one_cm":10817,"minecraft:play_time":11688,"minecraft:time_since_death":11688,"minecraft:walk_on_water_one_cm":149,"minecraft:walk_one_cm":6564,"minecraft:sneak_time":231,"minecraft:total_world_time":11688,"minecraft:walk_under_water_one_cm":195,"minecraft:fall_one_cm":2296,"minecraft:fly_one_cm":10888},"minecraft:picked_up":{"minecraft:wheat_seeds":1,"minecraft:dirt":23},"minecraft:used":{"minecraft:dirt":15}},"DataVersion":3700}