{
  "minecraft:recipes/decorations/crafting_table": {
    "criteria": {
      "unlock_right_away": "2024-07-03 00:18:05 +0000"
    },
    "done": true
  },
  "minecraft:adventure/adventuring_time": {
    "criteria": {
      "minecraft:old_growth_birch_forest": "2024-07-03 00:22:31 +0000",
      "minecraft:forest": "2024-07-03 00:18:06 +0000",
      "minecraft:grove": "2024-07-03 00:21:47 +0000"
    },
    "done": false
  },
  "minecraft:adventure/root": {
    "criteria": {
      "killed_by_something": "2024-07-03 00:22:40 +0000"
    },
    "done": true
  },
  "DataVersion": 3700
}